combat-related_PTSD,combat,147
combat-related_PTSD,Veterans,127
combat-related_PTSD,PTSD_symptoms,50
combat-related_PTSD,war_veterans,36
combat-related_PTSD,combat_exposure,30
combat-related_PTSD,veterans_with_PTSD,30
combat-related_PTSD,combat_veterans,28
combat-related_PTSD,trauma,27
combat-related_PTSD,PTSD_patients,26
combat-related_PTSD,Outcomes,23
combat-related_PTSD,PTSD_scale,22
combat-related_PTSD,comorbidity,22
combat-related_PTSD,depression,22
combat-related_PTSD,weeks,20
combat-related_PTSD,OEF,19
combat-related_PTSD,exposure,18
combat-related_PTSD,anxiety,17
combat-related_PTSD,Iraqi_Freedom,15
combat-related_PTSD,OIF_veterans,14
combat-related_PTSD,Soldiers,14
combat-related_PTSD,mental_disorders,14
combat-related_PTSD,disorder,14
combat-related_PTSD,psychopathology,14
combat-related_PTSD,war_zone,13
combat-related_PTSD,nightmares,13
combat-related_PTSD,symptom_severity,13
combat-related_PTSD,traumatic_events,12
combat-related_PTSD,chronic_post_traumatic_stress,11
combat-related_PTSD,combat_experiences,11
combat-related_PTSD,assay,11
combat-related_PTSD,PTSD_group,11
combat-related_PTSD,adults,11
combat-related_PTSD,army,11
combat-related_PTSD,sleep_disturbance,10
combat-related_PTSD,social_support,10
combat-related_PTSD,veterans_with_posttraumatic_stress_disorder,9
combat-related_PTSD,stressor,8
combat-related_PTSD,alcohol,8
combat-related_PTSD,dreams,8
combat-related_PTSD,suffering,8
combat-related_PTSD,Operation_Iraqi,8
combat-related_PTSD,combat_stress,8
combat-related_PTSD,stress,8
combat-related_PTSD,psychiatric_disorders,8
combat-related_PTSD,symptoms_of_posttraumatic_stress_disorder,7
combat-related_PTSD,anxiety_disorder,7
combat-related_PTSD,anxiety_and_depression,7
combat-related_PTSD,memory,7
combat-related_PTSD,wounded,7
combat-related_PTSD,current_PTSD,7
combat-related_PTSD,Croatian_war_veterans,7
combat-related_PTSD,females,6
combat-related_PTSD,reservists,6
combat-related_PTSD,PTSD_diagnosis,6
combat-related_PTSD,illness,6
combat-related_PTSD,PTSD_subjects,6
combat-related_PTSD,less,6
combat-related_PTSD,emotional,6
combat-related_PTSD,blood_pressure,5
combat-related_PTSD,diabetes_mellitus,5
combat-related_PTSD,military_veterans,5
combat-related_PTSD,depression_symptoms,5
combat-related_PTSD,psychotic_symptoms,5
combat-related_PTSD,manpower,5
combat-related_PTSD,major_depressive_disorder,5
combat-related_PTSD,posttraumatic_stress,5
combat-related_PTSD,brain,5
combat-related_PTSD,armed_forces,5
combat-related_PTSD,cortex,5
combat-related_PTSD,fear,5
combat,PTSD_scale,71
combat,exposure,333
combat,OIF_veterans,36
combat,mental_disorders,102
combat,sleep_disturbance,33
combat,symptoms_of_posttraumatic_stress_disorder,51
combat,wounded,226
combat,less,240
combat,brain,65
combat,fear,63
Veterans,war_veterans,3876
Veterans,veterans_with_PTSD,902
Veterans,combat_veterans,933
Veterans,PTSD_patients,200
Veterans,PTSD_scale,134
Veterans,depression,1095
Veterans,exposure,1733
Veterans,anxiety,439
Veterans,Iraqi_Freedom,1140
Veterans,OIF_veterans,543
Veterans,mental_disorders,331
Veterans,disorder,687
Veterans,war_zone,377
Veterans,chronic_post_traumatic_stress,173
Veterans,adults,233
Veterans,sleep_disturbance,119
Veterans,stressor,146
Veterans,alcohol,270
Veterans,suffering,350
Veterans,Operation_Iraqi,876
Veterans,combat_stress,122
Veterans,stress,391
Veterans,psychiatric_disorders,369
Veterans,symptoms_of_posttraumatic_stress_disorder,371
Veterans,wounded,203
Veterans,current_PTSD,137
Veterans,females,676
Veterans,reservists,64
Veterans,PTSD_diagnosis,276
Veterans,less,970
Veterans,diabetes_mellitus,39
Veterans,military_veterans,425
Veterans,manpower,57
Veterans,posttraumatic_stress,228
Veterans,brain,246
Veterans,fear,165
PTSD_symptoms,war_veterans,111
PTSD_symptoms,veterans_with_PTSD,53
PTSD_symptoms,combat_veterans,75
PTSD_symptoms,PTSD_patients,24
PTSD_symptoms,PTSD_scale,35
PTSD_symptoms,depression,133
PTSD_symptoms,exposure,149
PTSD_symptoms,anxiety,66
PTSD_symptoms,Iraqi_Freedom,62
PTSD_symptoms,OIF_veterans,28
PTSD_symptoms,mental_disorders,27
PTSD_symptoms,disorder,50
PTSD_symptoms,psychopathology,45
PTSD_symptoms,war_zone,50
PTSD_symptoms,chronic_post_traumatic_stress,19
PTSD_symptoms,combat_experiences,37
PTSD_symptoms,assay,2
PTSD_symptoms,adults,57
PTSD_symptoms,sleep_disturbance,13
PTSD_symptoms,stressor,48
PTSD_symptoms,alcohol,33
PTSD_symptoms,suffering,34
PTSD_symptoms,Operation_Iraqi,47
PTSD_symptoms,combat_stress,15
PTSD_symptoms,stress,32
PTSD_symptoms,psychiatric_disorders,6
PTSD_symptoms,symptoms_of_posttraumatic_stress_disorder,157
PTSD_symptoms,anxiety_disorder,11
PTSD_symptoms,wounded,15
PTSD_symptoms,current_PTSD,26
PTSD_symptoms,females,40
PTSD_symptoms,reservists,21
PTSD_symptoms,PTSD_diagnosis,31
PTSD_symptoms,less,90
PTSD_symptoms,diabetes_mellitus,1
PTSD_symptoms,military_veterans,27
PTSD_symptoms,depression_symptoms,57
PTSD_symptoms,posttraumatic_stress,52
PTSD_symptoms,brain,14
PTSD_symptoms,fear,15
war_veterans,PTSD_scale,43
war_veterans,exposure,478
war_veterans,OIF_veterans,14
war_veterans,mental_disorders,79
war_veterans,chronic_post_traumatic_stress,16
war_veterans,sleep_disturbance,25
war_veterans,stress,96
war_veterans,symptoms_of_posttraumatic_stress_disorder,51
war_veterans,wounded,26
war_veterans,reservists,16
war_veterans,less,166
war_veterans,brain,88
war_veterans,fear,34
combat_exposure,veterans_with_PTSD,25
combat_exposure,combat_veterans,58
combat_exposure,PTSD_patients,4
combat_exposure,Outcomes,81
combat_exposure,PTSD_scale,5
combat_exposure,comorbidity,21
combat_exposure,depression,67
combat_exposure,OEF,32
combat_exposure,exposure,35
combat_exposure,anxiety,17
combat_exposure,Iraqi_Freedom,42
combat_exposure,OIF_veterans,18
combat_exposure,Soldiers,67
combat_exposure,mental_disorders,29
combat_exposure,disorder,17
combat_exposure,psychopathology,13
combat_exposure,war_zone,47
combat_exposure,chronic_post_traumatic_stress,11
combat_exposure,combat_experiences,40
combat_exposure,PTSD_group,16
combat_exposure,adults,30
combat_exposure,sleep_disturbance,8
combat_exposure,stressor,16
combat_exposure,alcohol,26
combat_exposure,suffering,7
combat_exposure,Operation_Iraqi,30
combat_exposure,combat_stress,19
combat_exposure,stress,27
combat_exposure,psychiatric_disorders,7
combat_exposure,symptoms_of_posttraumatic_stress_disorder,50
combat_exposure,anxiety_disorder,2
combat_exposure,wounded,23
combat_exposure,current_PTSD,14
combat_exposure,females,27
combat_exposure,reservists,9
combat_exposure,PTSD_diagnosis,31
combat_exposure,less,36
combat_exposure,military_veterans,16
combat_exposure,depression_symptoms,24
combat_exposure,manpower,5
combat_exposure,posttraumatic_stress,23
combat_exposure,brain,5
combat_exposure,fear,6
veterans_with_PTSD,PTSD_scale,12
veterans_with_PTSD,exposure,25
veterans_with_PTSD,OIF_veterans,11
veterans_with_PTSD,mental_disorders,15
veterans_with_PTSD,chronic_post_traumatic_stress,12
veterans_with_PTSD,sleep_disturbance,13
veterans_with_PTSD,stress,12
veterans_with_PTSD,symptoms_of_posttraumatic_stress_disorder,8
veterans_with_PTSD,wounded,4
veterans_with_PTSD,females,16
veterans_with_PTSD,reservists,3
veterans_with_PTSD,less,38
veterans_with_PTSD,brain,11
veterans_with_PTSD,fear,11
combat_veterans,PTSD_scale,12
combat_veterans,depression,82
combat_veterans,exposure,47
combat_veterans,Iraqi_Freedom,41
combat_veterans,OIF_veterans,10
combat_veterans,mental_disorders,13
combat_veterans,disorder,30
combat_veterans,war_zone,13
combat_veterans,chronic_post_traumatic_stress,35
combat_veterans,adults,18
combat_veterans,sleep_disturbance,15
combat_veterans,suffering,13
combat_veterans,Operation_Iraqi,38
combat_veterans,stress,25
combat_veterans,symptoms_of_posttraumatic_stress_disorder,21
combat_veterans,wounded,10
combat_veterans,females,10
combat_veterans,reservists,1
combat_veterans,less,51
combat_veterans,military_veterans,14
combat_veterans,brain,13
combat_veterans,fear,16
trauma,PTSD_patients,82
trauma,Outcomes,568
trauma,PTSD_scale,41
trauma,comorbidity,130
trauma,depression,317
trauma,OEF,51
trauma,exposure,397
trauma,anxiety,211
trauma,Iraqi_Freedom,206
trauma,OIF_veterans,18
trauma,Soldiers,375
trauma,mental_disorders,59
trauma,disorder,178
trauma,psychopathology,85
trauma,war_zone,120
trauma,nightmares,44
trauma,symptom_severity,44
trauma,chronic_post_traumatic_stress,28
trauma,combat_experiences,37
trauma,assay,11
trauma,PTSD_group,50
trauma,adults,296
trauma,sleep_disturbance,37
trauma,stressor,53
trauma,alcohol,42
trauma,dreams,20
trauma,suffering,170
trauma,Operation_Iraqi,175
trauma,combat_stress,24
trauma,stress,172
trauma,psychiatric_disorders,80
trauma,symptoms_of_posttraumatic_stress_disorder,72
trauma,anxiety_disorder,43
trauma,anxiety_and_depression,34
trauma,wounded,150
trauma,current_PTSD,54
trauma,females,182
trauma,reservists,16
trauma,PTSD_diagnosis,62
trauma,illness,134
trauma,less,306
trauma,diabetes_mellitus,3
trauma,military_veterans,23
trauma,depression_symptoms,38
trauma,manpower,4
trauma,posttraumatic_stress,161
trauma,brain,131
trauma,armed_forces,51
trauma,cortex,32
trauma,fear,70
PTSD_patients,PTSD_scale,15
PTSD_patients,depression,35
PTSD_patients,exposure,22
PTSD_patients,anxiety,27
PTSD_patients,Iraqi_Freedom,7
PTSD_patients,OIF_veterans,1
PTSD_patients,mental_disorders,8
PTSD_patients,disorder,42
PTSD_patients,war_zone,8
PTSD_patients,chronic_post_traumatic_stress,15
PTSD_patients,adults,12
PTSD_patients,sleep_disturbance,7
PTSD_patients,stressor,9
PTSD_patients,suffering,15
PTSD_patients,Operation_Iraqi,7
PTSD_patients,stress,13
PTSD_patients,symptoms_of_posttraumatic_stress_disorder,3
PTSD_patients,wounded,3
PTSD_patients,females,4
PTSD_patients,less,14
PTSD_patients,brain,11
PTSD_patients,fear,11
Outcomes,PTSD_scale,39
Outcomes,depression,147
Outcomes,OEF,61
Outcomes,exposure,387
Outcomes,anxiety,84
Outcomes,Iraqi_Freedom,194
Outcomes,OIF_veterans,18
Outcomes,Soldiers,268
Outcomes,mental_disorders,69
Outcomes,disorder,93
Outcomes,psychopathology,29
Outcomes,war_zone,81
Outcomes,chronic_post_traumatic_stress,33
Outcomes,combat_experiences,40
Outcomes,assay,9
Outcomes,adults,149
Outcomes,sleep_disturbance,15
Outcomes,stressor,20
Outcomes,alcohol,38
Outcomes,suffering,90
Outcomes,Operation_Iraqi,165
Outcomes,combat_stress,8
Outcomes,stress,127
Outcomes,psychiatric_disorders,31
Outcomes,symptoms_of_posttraumatic_stress_disorder,38
Outcomes,anxiety_disorder,22
Outcomes,wounded,114
Outcomes,current_PTSD,8
Outcomes,females,185
Outcomes,reservists,17
Outcomes,PTSD_diagnosis,40
Outcomes,less,290
Outcomes,diabetes_mellitus,6
Outcomes,military_veterans,19
Outcomes,depression_symptoms,48
Outcomes,manpower,6
Outcomes,posttraumatic_stress,79
Outcomes,brain,77
Outcomes,fear,41
PTSD_scale,exposure,14
PTSD_scale,mental_disorders,3
PTSD_scale,symptoms_of_posttraumatic_stress_disorder,5
PTSD_scale,less,7
PTSD_scale,fear,1
comorbidity,depression,175
comorbidity,OEF,57
comorbidity,exposure,85
comorbidity,anxiety,60
comorbidity,Iraqi_Freedom,51
comorbidity,OIF_veterans,31
comorbidity,Soldiers,41
comorbidity,mental_disorders,65
comorbidity,disorder,190
comorbidity,psychopathology,41
comorbidity,war_zone,21
comorbidity,chronic_post_traumatic_stress,25
comorbidity,combat_experiences,12
comorbidity,assay,12
comorbidity,PTSD_group,30
comorbidity,adults,26
comorbidity,sleep_disturbance,12
comorbidity,stressor,12
comorbidity,alcohol,40
comorbidity,suffering,22
comorbidity,Operation_Iraqi,43
comorbidity,combat_stress,12
comorbidity,stress,32
comorbidity,psychiatric_disorders,112
comorbidity,symptoms_of_posttraumatic_stress_disorder,15
comorbidity,anxiety_disorder,75
comorbidity,wounded,12
comorbidity,current_PTSD,34
comorbidity,females,22
comorbidity,reservists,1
comorbidity,PTSD_diagnosis,36
comorbidity,less,80
comorbidity,diabetes_mellitus,7
comorbidity,military_veterans,19
comorbidity,depression_symptoms,28
comorbidity,posttraumatic_stress,12
comorbidity,brain,22
comorbidity,fear,12
depression,exposure,210
depression,OIF_veterans,44
depression,mental_disorders,68
depression,chronic_post_traumatic_stress,17
depression,sleep_disturbance,12
depression,Operation_Iraqi,62
depression,stress,106
depression,symptoms_of_posttraumatic_stress_disorder,63
depression,wounded,21
depression,females,112
depression,reservists,14
depression,less,168
depression,manpower,1
depression,brain,27
depression,fear,33
weeks,OEF,11
weeks,exposure,160
weeks,anxiety,39
weeks,Iraqi_Freedom,21
weeks,OIF_veterans,5
weeks,Soldiers,59
weeks,mental_disorders,6
weeks,disorder,29
weeks,psychopathology,11
weeks,war_zone,8
weeks,nightmares,14
weeks,symptom_severity,3
weeks,traumatic_events,10
weeks,chronic_post_traumatic_stress,7
weeks,combat_experiences,8
weeks,assay,9
weeks,adults,50
weeks,sleep_disturbance,6
weeks,social_support,4
weeks,veterans_with_posttraumatic_stress_disorder,3
weeks,stressor,6
weeks,alcohol,14
weeks,dreams,5
weeks,suffering,12
weeks,Operation_Iraqi,18
weeks,stress,64
weeks,psychiatric_disorders,7
weeks,symptoms_of_posttraumatic_stress_disorder,10
weeks,anxiety_disorder,10
weeks,anxiety_and_depression,16
weeks,memory,18
weeks,wounded,27
weeks,females,33
weeks,reservists,1
weeks,PTSD_diagnosis,7
weeks,illness,59
weeks,less,98
weeks,emotional,25
weeks,blood_pressure,10
weeks,diabetes_mellitus,5
weeks,military_veterans,3
weeks,depression_symptoms,9
weeks,psychotic_symptoms,7
weeks,manpower,2
weeks,major_depressive_disorder,5
weeks,posttraumatic_stress,4
weeks,brain,57
weeks,armed_forces,4
weeks,cortex,13
weeks,fear,15
OEF,exposure,53
OEF,anxiety,22
OEF,Iraqi_Freedom,614
OEF,OIF_veterans,325
OEF,mental_disorders,13
OEF,disorder,67
OEF,psychopathology,44
OEF,war_zone,16
OEF,combat_experiences,26
OEF,adults,4
OEF,sleep_disturbance,8
OEF,stressor,4
OEF,alcohol,30
OEF,suffering,3
OEF,Operation_Iraqi,468
OEF,combat_stress,6
OEF,stress,24
OEF,psychiatric_disorders,14
OEF,symptoms_of_posttraumatic_stress_disorder,28
OEF,anxiety_disorder,10
OEF,wounded,47
OEF,females,75
OEF,reservists,15
OEF,PTSD_diagnosis,30
OEF,less,60
OEF,military_veterans,13
OEF,depression_symptoms,6
OEF,manpower,18
OEF,posttraumatic_stress,32
OEF,brain,1
OEF,fear,3
exposure,OIF_veterans,15
anxiety,Iraqi_Freedom,8
anxiety,OIF_veterans,3
anxiety,mental_disorders,36
anxiety,disorder,51
anxiety,war_zone,25
anxiety,chronic_post_traumatic_stress,17
anxiety,adults,82
anxiety,sleep_disturbance,12
anxiety,suffering,53
anxiety,Operation_Iraqi,6
anxiety,stress,98
anxiety,symptoms_of_posttraumatic_stress_disorder,36
anxiety,wounded,7
anxiety,females,56
anxiety,reservists,5
anxiety,less,48
anxiety,military_veterans,5
anxiety,manpower,1
anxiety,brain,24
anxiety,fear,90
Iraqi_Freedom,OIF_veterans,126
Iraqi_Freedom,mental_disorders,18
Iraqi_Freedom,disorder,55
Iraqi_Freedom,war_zone,18
Iraqi_Freedom,adults,10
Iraqi_Freedom,sleep_disturbance,12
Iraqi_Freedom,Operation_Iraqi,864
Iraqi_Freedom,stress,30
Iraqi_Freedom,symptoms_of_posttraumatic_stress_disorder,18
Iraqi_Freedom,wounded,70
Iraqi_Freedom,females,86
Iraqi_Freedom,reservists,8
Iraqi_Freedom,less,68
Iraqi_Freedom,manpower,13
Iraqi_Freedom,brain,11
Iraqi_Freedom,fear,5
Soldiers,mental_disorders,71
Soldiers,disorder,157
Soldiers,psychopathology,33
Soldiers,war_zone,117
Soldiers,chronic_post_traumatic_stress,7
Soldiers,combat_experiences,78
Soldiers,assay,29
Soldiers,adults,72
Soldiers,sleep_disturbance,10
Soldiers,stressor,26
Soldiers,alcohol,61
Soldiers,suffering,80
Soldiers,Operation_Iraqi,298
Soldiers,combat_stress,53
Soldiers,stress,218
Soldiers,psychiatric_disorders,54
Soldiers,symptoms_of_posttraumatic_stress_disorder,96
Soldiers,anxiety_disorder,34
Soldiers,wounded,306
Soldiers,current_PTSD,16
Soldiers,females,207
Soldiers,reservists,21
Soldiers,PTSD_diagnosis,12
Soldiers,less,279
Soldiers,diabetes_mellitus,4
Soldiers,military_veterans,7
Soldiers,depression_symptoms,69
Soldiers,manpower,15
Soldiers,posttraumatic_stress,107
Soldiers,brain,37
Soldiers,fear,42
mental_disorders,sleep_disturbance,3
mental_disorders,symptoms_of_posttraumatic_stress_disorder,12
mental_disorders,less,35
disorder,war_zone,13
disorder,chronic_post_traumatic_stress,6
disorder,adults,84
disorder,sleep_disturbance,11
disorder,Operation_Iraqi,37
disorder,stress,113
disorder,symptoms_of_posttraumatic_stress_disorder,10
disorder,wounded,27
disorder,females,72
disorder,less,104
disorder,manpower,2
disorder,brain,87
disorder,fear,37
psychopathology,war_zone,29
psychopathology,chronic_post_traumatic_stress,5
psychopathology,adults,17
psychopathology,sleep_disturbance,2
psychopathology,stressor,1
psychopathology,alcohol,17
psychopathology,suffering,6
psychopathology,Operation_Iraqi,4
psychopathology,combat_stress,6
psychopathology,stress,38
psychopathology,psychiatric_disorders,19
psychopathology,symptoms_of_posttraumatic_stress_disorder,14
psychopathology,anxiety_disorder,10
psychopathology,current_PTSD,8
psychopathology,females,11
psychopathology,reservists,4
psychopathology,PTSD_diagnosis,12
psychopathology,less,23
psychopathology,military_veterans,1
psychopathology,posttraumatic_stress,16
psychopathology,brain,7
psychopathology,fear,7
war_zone,chronic_post_traumatic_stress,4
war_zone,adults,27
war_zone,sleep_disturbance,6
war_zone,Operation_Iraqi,13
war_zone,stress,45
war_zone,symptoms_of_posttraumatic_stress_disorder,25
war_zone,wounded,14
war_zone,females,51
war_zone,reservists,9
war_zone,less,30
war_zone,brain,6
war_zone,fear,17
nightmares,symptom_severity,1
nightmares,combat_experiences,1
nightmares,PTSD_group,1
nightmares,adults,12
nightmares,sleep_disturbance,42
nightmares,alcohol,2
nightmares,suffering,13
nightmares,Operation_Iraqi,12
nightmares,stress,9
nightmares,psychiatric_disorders,2
nightmares,symptoms_of_posttraumatic_stress_disorder,6
nightmares,anxiety_disorder,3
nightmares,current_PTSD,8
nightmares,females,1
nightmares,PTSD_diagnosis,1
nightmares,less,4
nightmares,military_veterans,2
nightmares,posttraumatic_stress,6
nightmares,brain,18
nightmares,fear,12
symptom_severity,chronic_post_traumatic_stress,4
symptom_severity,combat_experiences,1
symptom_severity,PTSD_group,2
symptom_severity,adults,11
symptom_severity,sleep_disturbance,3
symptom_severity,stressor,6
symptom_severity,alcohol,1
symptom_severity,suffering,5
symptom_severity,Operation_Iraqi,10
symptom_severity,combat_stress,2
symptom_severity,stress,8
symptom_severity,psychiatric_disorders,4
symptom_severity,symptoms_of_posttraumatic_stress_disorder,3
symptom_severity,anxiety_disorder,8
symptom_severity,anxiety_and_depression,8
symptom_severity,wounded,3
symptom_severity,current_PTSD,3
symptom_severity,females,7
symptom_severity,PTSD_diagnosis,12
symptom_severity,less,11
symptom_severity,diabetes_mellitus,1
symptom_severity,military_veterans,4
symptom_severity,depression_symptoms,10
symptom_severity,posttraumatic_stress,6
symptom_severity,armed_forces,2
symptom_severity,fear,4
traumatic_events,chronic_post_traumatic_stress,8
traumatic_events,combat_experiences,25
traumatic_events,assay,3
traumatic_events,PTSD_group,5
traumatic_events,adults,122
traumatic_events,sleep_disturbance,6
traumatic_events,social_support,28
traumatic_events,veterans_with_posttraumatic_stress_disorder,5
traumatic_events,stressor,18
traumatic_events,alcohol,16
traumatic_events,dreams,6
traumatic_events,suffering,31
traumatic_events,Operation_Iraqi,11
traumatic_events,combat_stress,9
traumatic_events,stress,48
traumatic_events,psychiatric_disorders,25
traumatic_events,symptoms_of_posttraumatic_stress_disorder,49
traumatic_events,anxiety_disorder,23
traumatic_events,anxiety_and_depression,15
traumatic_events,memory,43
traumatic_events,wounded,12
traumatic_events,current_PTSD,25
traumatic_events,females,47
traumatic_events,reservists,5
traumatic_events,PTSD_diagnosis,33
traumatic_events,illness,24
traumatic_events,less,76
traumatic_events,emotional,36
traumatic_events,blood_pressure,1
traumatic_events,military_veterans,3
traumatic_events,depression_symptoms,31
traumatic_events,psychotic_symptoms,3
traumatic_events,major_depressive_disorder,7
traumatic_events,posttraumatic_stress,54
traumatic_events,brain,15
traumatic_events,armed_forces,9
traumatic_events,cortex,6
traumatic_events,fear,23
chronic_post_traumatic_stress,symptoms_of_posttraumatic_stress_disorder,4
chronic_post_traumatic_stress,less,7
chronic_post_traumatic_stress,brain,3
chronic_post_traumatic_stress,fear,5
combat_experiences,adults,5
combat_experiences,sleep_disturbance,3
combat_experiences,stressor,3
combat_experiences,alcohol,2
combat_experiences,suffering,6
combat_experiences,Operation_Iraqi,21
combat_experiences,combat_stress,13
combat_experiences,stress,10
combat_experiences,psychiatric_disorders,8
combat_experiences,symptoms_of_posttraumatic_stress_disorder,22
combat_experiences,anxiety_disorder,2
combat_experiences,wounded,9
combat_experiences,current_PTSD,7
combat_experiences,females,14
combat_experiences,reservists,5
combat_experiences,PTSD_diagnosis,8
combat_experiences,less,12
combat_experiences,military_veterans,3
combat_experiences,posttraumatic_stress,3
combat_experiences,brain,2
combat_experiences,fear,9
assay,adults,19
assay,stressor,3
assay,alcohol,4
assay,stress,10
assay,psychiatric_disorders,2
assay,symptoms_of_posttraumatic_stress_disorder,1
assay,anxiety_disorder,1
assay,wounded,1
assay,current_PTSD,2
assay,females,7
assay,less,45
assay,brain,6
assay,fear,3
PTSD_group,adults,9
PTSD_group,sleep_disturbance,1
PTSD_group,stressor,5
PTSD_group,alcohol,2
PTSD_group,suffering,7
PTSD_group,Operation_Iraqi,2
PTSD_group,combat_stress,4
PTSD_group,stress,4
PTSD_group,psychiatric_disorders,5
PTSD_group,current_PTSD,7
PTSD_group,females,3
PTSD_group,PTSD_diagnosis,16
PTSD_group,less,15
PTSD_group,military_veterans,3
PTSD_group,depression_symptoms,2
PTSD_group,posttraumatic_stress,2
PTSD_group,brain,6
PTSD_group,fear,2
adults,sleep_disturbance,4
adults,Operation_Iraqi,5
adults,stress,82
adults,symptoms_of_posttraumatic_stress_disorder,24
adults,wounded,17
adults,females,177
adults,less,202
adults,brain,52
adults,fear,18
army,sleep_disturbance,1
army,social_support,12
army,veterans_with_posttraumatic_stress_disorder,1
army,stressor,7
army,alcohol,30
army,dreams,6
army,suffering,20
army,Operation_Iraqi,180
army,combat_stress,24
army,stress,137
army,psychiatric_disorders,14
army,symptoms_of_posttraumatic_stress_disorder,11
army,anxiety_disorder,10
army,anxiety_and_depression,1
army,memory,39
army,wounded,269
army,current_PTSD,12
army,Croatian_war_veterans,1
army,females,92
army,reservists,37
army,PTSD_diagnosis,5
army,illness,94
army,less,137
army,emotional,46
army,blood_pressure,13
army,diabetes_mellitus,3
army,military_veterans,8
army,depression_symptoms,23
army,manpower,32
army,major_depressive_disorder,1
army,posttraumatic_stress,15
army,brain,29
army,armed_forces,110
army,cortex,1
army,fear,15
sleep_disturbance,symptoms_of_posttraumatic_stress_disorder,3
social_support,veterans_with_posttraumatic_stress_disorder,4
social_support,stressor,16
social_support,alcohol,9
social_support,suffering,8
social_support,Operation_Iraqi,11
social_support,combat_stress,8
social_support,stress,29
social_support,psychiatric_disorders,21
social_support,symptoms_of_posttraumatic_stress_disorder,25
social_support,anxiety_disorder,7
social_support,anxiety_and_depression,7
social_support,memory,4
social_support,wounded,3
social_support,current_PTSD,7
social_support,females,32
social_support,reservists,4
social_support,PTSD_diagnosis,9
social_support,illness,7
social_support,less,34
social_support,blood_pressure,2
social_support,military_veterans,4
social_support,depression_symptoms,3
social_support,major_depressive_disorder,5
social_support,posttraumatic_stress,26
social_support,brain,2
social_support,armed_forces,3
social_support,fear,9
veterans_with_posttraumatic_stress_disorder,stressor,4
veterans_with_posttraumatic_stress_disorder,alcohol,3
veterans_with_posttraumatic_stress_disorder,dreams,2
veterans_with_posttraumatic_stress_disorder,suffering,11
veterans_with_posttraumatic_stress_disorder,Operation_Iraqi,10
veterans_with_posttraumatic_stress_disorder,combat_stress,3
veterans_with_posttraumatic_stress_disorder,stress,4
veterans_with_posttraumatic_stress_disorder,psychiatric_disorders,7
veterans_with_posttraumatic_stress_disorder,symptoms_of_posttraumatic_stress_disorder,8
veterans_with_posttraumatic_stress_disorder,anxiety_disorder,3
veterans_with_posttraumatic_stress_disorder,anxiety_and_depression,2
veterans_with_posttraumatic_stress_disorder,females,4
veterans_with_posttraumatic_stress_disorder,PTSD_diagnosis,5
veterans_with_posttraumatic_stress_disorder,illness,7
veterans_with_posttraumatic_stress_disorder,less,23
veterans_with_posttraumatic_stress_disorder,military_veterans,1
veterans_with_posttraumatic_stress_disorder,depression_symptoms,2
veterans_with_posttraumatic_stress_disorder,psychotic_symptoms,2
veterans_with_posttraumatic_stress_disorder,posttraumatic_stress,1
veterans_with_posttraumatic_stress_disorder,brain,5
veterans_with_posttraumatic_stress_disorder,cortex,7
veterans_with_posttraumatic_stress_disorder,fear,8
stressor,suffering,8
stressor,Operation_Iraqi,4
stressor,stress,38
stressor,symptoms_of_posttraumatic_stress_disorder,11
stressor,wounded,5
stressor,females,26
stressor,reservists,1
stressor,less,18
stressor,military_veterans,4
stressor,brain,2
stressor,fear,6
alcohol,suffering,6
alcohol,Operation_Iraqi,12
alcohol,combat_stress,4
alcohol,stress,19
alcohol,psychiatric_disorders,21
alcohol,symptoms_of_posttraumatic_stress_disorder,11
alcohol,wounded,8
alcohol,females,37
alcohol,PTSD_diagnosis,3
alcohol,less,42
alcohol,diabetes_mellitus,3
alcohol,military_veterans,7
alcohol,manpower,1
alcohol,brain,5
alcohol,fear,2
dreams,suffering,7
dreams,stress,3
dreams,anxiety_and_depression,5
dreams,wounded,2
dreams,females,7
dreams,PTSD_diagnosis,1
dreams,less,9
dreams,depression_symptoms,1
dreams,posttraumatic_stress,1
dreams,brain,2
dreams,fear,3
suffering,Operation_Iraqi,3
suffering,stress,40
suffering,symptoms_of_posttraumatic_stress_disorder,6
suffering,wounded,20
suffering,females,27
suffering,reservists,2
suffering,less,49
suffering,manpower,1
suffering,brain,16
suffering,fear,33
Operation_Iraqi,stress,26
Operation_Iraqi,symptoms_of_posttraumatic_stress_disorder,14
Operation_Iraqi,wounded,60
Operation_Iraqi,females,74
Operation_Iraqi,reservists,2
Operation_Iraqi,less,60
Operation_Iraqi,manpower,9
Operation_Iraqi,brain,8
Operation_Iraqi,fear,2
combat_stress,stress,6
combat_stress,symptoms_of_posttraumatic_stress_disorder,6
combat_stress,wounded,7
combat_stress,females,4
combat_stress,PTSD_diagnosis,3
combat_stress,less,5
combat_stress,military_veterans,6
combat_stress,brain,5
combat_stress,fear,1
stress,symptoms_of_posttraumatic_stress_disorder,21
stress,wounded,29
stress,reservists,15
stress,less,129
stress,brain,154
stress,fear,64
psychiatric_disorders,symptoms_of_posttraumatic_stress_disorder,11
psychiatric_disorders,wounded,8
psychiatric_disorders,females,16
psychiatric_disorders,reservists,1
psychiatric_disorders,PTSD_diagnosis,19
psychiatric_disorders,less,20
psychiatric_disorders,military_veterans,6
psychiatric_disorders,brain,12
psychiatric_disorders,fear,8
anxiety_disorder,wounded,2
anxiety_disorder,current_PTSD,1
anxiety_disorder,females,24
anxiety_disorder,PTSD_diagnosis,5
anxiety_disorder,less,19
anxiety_disorder,military_veterans,4
anxiety_disorder,posttraumatic_stress,4
anxiety_disorder,brain,3
anxiety_disorder,fear,7
anxiety_and_depression,current_PTSD,6
anxiety_and_depression,females,20
anxiety_and_depression,PTSD_diagnosis,6
anxiety_and_depression,less,6
anxiety_and_depression,diabetes_mellitus,1
anxiety_and_depression,military_veterans,1
anxiety_and_depression,depression_symptoms,31
anxiety_and_depression,posttraumatic_stress,15
anxiety_and_depression,brain,1
anxiety_and_depression,armed_forces,5
anxiety_and_depression,fear,2
memory,wounded,8
memory,current_PTSD,4
memory,females,15
memory,reservists,5
memory,PTSD_diagnosis,12
memory,illness,53
memory,less,104
memory,blood_pressure,3
memory,military_veterans,5
memory,depression_symptoms,17
memory,posttraumatic_stress,12
memory,brain,57
memory,armed_forces,4
memory,cortex,28
memory,fear,28
wounded,less,83
wounded,brain,28
wounded,fear,11
current_PTSD,females,6
current_PTSD,PTSD_diagnosis,7
current_PTSD,less,9
current_PTSD,military_veterans,4
current_PTSD,brain,1
Croatian_war_veterans,less,7
Croatian_war_veterans,depression_symptoms,3
Croatian_war_veterans,psychotic_symptoms,4
Croatian_war_veterans,major_depressive_disorder,3
Croatian_war_veterans,posttraumatic_stress,1
females,reservists,11
females,less,227
females,brain,21
females,fear,23
reservists,less,12
reservists,brain,2
PTSD_diagnosis,less,16
PTSD_diagnosis,diabetes_mellitus,1
PTSD_diagnosis,military_veterans,11
PTSD_diagnosis,brain,5
PTSD_diagnosis,fear,2
illness,less,130
illness,diabetes_mellitus,2
illness,military_veterans,21
illness,depression_symptoms,5
illness,manpower,7
illness,posttraumatic_stress,13
illness,brain,63
illness,armed_forces,31
illness,cortex,14
illness,fear,29
PTSD_subjects,less,6
PTSD_subjects,emotional,3
PTSD_subjects,blood_pressure,5
PTSD_subjects,brain,2
PTSD_subjects,cortex,2
PTSD_subjects,fear,3
emotional,blood_pressure,1
emotional,military_veterans,7
emotional,depression_symptoms,8
emotional,psychotic_symptoms,3
emotional,major_depressive_disorder,5
emotional,posttraumatic_stress,35
emotional,brain,29
emotional,armed_forces,2
emotional,cortex,13
emotional,fear,46
blood_pressure,diabetes_mellitus,9
blood_pressure,depression_symptoms,1
blood_pressure,brain,9
blood_pressure,fear,1
diabetes_mellitus,brain,2
military_veterans,manpower,3
military_veterans,fear,8
depression_symptoms,posttraumatic_stress,19
depression_symptoms,brain,3
depression_symptoms,fear,1
psychotic_symptoms,brain,2
psychotic_symptoms,fear,1
major_depressive_disorder,brain,2
major_depressive_disorder,armed_forces,1
major_depressive_disorder,cortex,1
major_depressive_disorder,fear,2
posttraumatic_stress,brain,2
posttraumatic_stress,fear,17
armed_forces,fear,4
cortex,fear,9
